<?xml version="1.0" encoding="UTF-8" ?>
<!DOCTYPE mapper PUBLIC "-//mybatis.org//DTD Mapper 3.0//EN" "http://mybatis.org/dtd/mybatis-3-mapper.dtd" >
<mapper namespace="com.raspberry.board.dao.MemberDao">

    <insert id="mJoin" parameterType="MemberDto">
        INSERT INTO memberinfo
        VALUES (#{uid},#{upwd},#{uname},#{ubirth},
                #{uemail},#{uphone_num},#{uaddr},#{ugender})
    </insert>

    <select id="mIdCheck" resultType="java.lang.Integer" parameterType="String">
        SELECT count(*) FROM memberinfo WHERE uid=#{uid}
    </select>

    <select id="selectPass" resultType="java.lang.String" parameterType="String">
        SELECT upwd FROM memberinfo WHERE uid=#{uid}
    </select>

    <select id="selectMember" resultType="com.raspberry.board.dto.MemberDto"
        parameterType="String">
        SELECT * FROM memberview WHERE uid=#{uid}
    </select>

</mapper>