<?xml version="1.0" encoding="UTF-8" ?>
<!DOCTYPE mapper PUBLIC "-//mybatis.org//DTD Mapper 3.0//EN" "http://mybatis.org/dtd/mybatis-3-mapper.dtd" >
<mapper namespace="com.raspberry.board.dao.ResMemberDao">

    <insert id="saveReservation" parameterType="ResBookDto">
        INSERT INTO ResBookInfo (rb_uid, rb_uname, rtime, rhead_count)
        VALUES (#{rb_uid}, #{rb_uname}, #{rtime}, #{rhead_count})
    </insert>

    <select id="rJoin" parameterType="ResMemberDto">
        INSERT INTO resmemberinfo
        VALUES (#{rid},#{rpwd},#{rname},#{rbus_num},#{rphone_num}
            ,#{raddr},#{maindish},#{rnum},#{facil_size})
    </select>

    <select id="rIdCheck" resultType="java.lang.Integer" parameterType="String">
        SELECT count(*) FROM resmemberinfo WHERE rid=#{rid}
    </select>

    <select id="selectPass" resultType="java.lang.String" parameterType="String">
        SELECT rpwd FROM resmemberinfo WHERE rid=#{rid}
    </select>

    <select id="selectMember" resultType="com.raspberry.board.dto.ResMemberDto"
        parameterType="String">
        SELECT * FROM resmemberview WHERE rid=#{rid}
    </select>

    <select id="getRegisteredRes" resultType="com.raspberry.board.dto.ResMemberDto">
        SELECT rname, raddr, rnum, maindish, facil_size, rid
        FROM ResMemberInfo
    </select>


</mapper>