<?xml version="1.0" encoding="UTF-8" ?>
<!DOCTYPE mapper PUBLIC "-//mybatis.org//DTD Mapper 3.0//EN" "http://mybatis.org/dtd/mybatis-3-mapper.dtd" >
<mapper namespace="com.raspberry.board.dao.TaxMemberDao">
    <insert id="tJoin" parameterType="TaxMemberDto">
        INSERT INTO taxmemberinfo
        VALUES (#{tid}, #{tpwd}, #{tcom_name}, #{tname}, #{tcom_phonenum},
                #{tphone_num}, #{tbus_num}, #{tcar_kind})
    </insert>

    <select id="tIdCheck" resultType="java.lang.Integer" parameterType="String">
        SELECT count(*) FROM taxmemberinfo WHERE tid=#{tid}
    </select>

    <select id="selectPass" resultType="java.lang.String" parameterType="String">
        SELECT tpwd FROM taxmemberinfo WHERE tid=#{tid}
    </select>

    <select id="selectMember" resultType="com.raspberry.board.dto.TaxMemberDto"
        parameterType="String">
        SELECT * FROM taxmemberview WHERE tid=#{tid}
    </select>
</mapper>